Timestamp,SkillLevel,ChosenTactic,RemoteX,RemoteY,PlayerHP,BossHP,WayMultiplier,SpeedMultiplier
0.19,0.48,0,-4.00,0.76,1.00,1.00,1.48,1.24
0.39,0.48,1,-4.00,-2.29,1.00,1.00,1.48,1.24
0.60,0.47,0,-3.18,-1.60,1.00,1.00,1.47,1.24
0.82,0.47,0,-4.00,-2.14,1.00,1.00,1.47,1.24
1.02,0.47,2,-3.31,-2.45,1.00,1.00,1.47,1.24
1.24,0.47,1,-1.94,-0.49,1.00,1.00,1.47,1.24
1.45,0.47,1,-4.00,0.13,1.00,1.00,1.47,1.24
1.65,0.48,2,-3.78,-3.50,1.00,1.00,1.48,1.24
1.87,0.48,2,-2.81,-0.13,1.00,1.00,1.48,1.24
2.07,0.48,1,-4.00,-0.90,1.00,1.00,1.48,1.24
2.29,0.48,1,-2.79,-0.29,1.00,1.00,1.48,1.24
2.50,0.49,2,-2.98,1.51,1.00,1.00,1.49,1.24
2.72,0.49,2,-2.20,1.46,1.00,1.00,1.49,1.24
2.94,0.49,2,-0.50,-0.01,1.00,1.00,1.49,1.24
3.15,0.50,2,-2.45,0.27,1.00,1.00,1.50,1.25
3.35,0.50,1,-0.52,1.02,1.00,1.00,1.50,1.25
3.55,0.50,2,-1.31,2.91,1.00,1.00,1.50,1.25
3.77,0.50,2,-4.00,2.12,1.00,1.00,1.50,1.25
3.99,0.50,1,-0.64,0.92,1.00,1.00,1.50,1.25
4.20,0.51,0,-1.86,3.14,1.00,1.00,1.51,1.25
4.40,0.51,2,-0.04,-0.18,1.00,1.00,1.51,1.25
4.62,0.52,1,-1.76,1.86,1.00,1.00,1.52,1.26
4.82,0.52,2,-0.62,1.79,1.00,1.00,1.52,1.26
5.04,0.53,0,-1.19,0.22,1.00,1.00,1.53,1.26
5.24,0.53,1,0.43,-0.10,1.00,1.00,1.53,1.26
5.44,0.53,1,-0.24,-2.63,1.00,1.00,1.53,1.26
5.64,0.54,0,1.07,0.08,1.00,1.00,1.54,1.27
5.84,0.54,2,-1.97,0.11,1.00,1.00,1.54,1.27
6.05,0.55,0,-1.56,-1.52,1.00,1.00,1.55,1.27
6.27,0.55,2,-3.70,1.15,1.00,1.00,1.55,1.27
6.49,0.55,2,-2.50,-3.14,1.00,1.00,1.55,1.27
6.69,0.56,0,-3.97,-2.11,1.00,1.00,1.56,1.28
6.89,0.56,1,-3.06,2.24,1.00,1.00,1.56,1.28
7.10,0.57,2,-3.25,-4.00,1.00,1.00,1.57,1.28
7.32,0.57,2,-3.25,-0.94,1.00,1.00,1.57,1.28
7.52,0.57,2,-3.55,-2.34,1.00,1.00,1.57,1.28
7.74,0.58,2,-2.66,-1.54,1.00,1.00,1.58,1.29
7.94,0.58,2,-3.35,-3.84,1.00,1.00,1.58,1.29
8.14,0.58,1,-1.67,-2.12,1.00,1.00,1.58,1.29
8.35,0.58,2,-3.63,-1.03,1.00,1.00,1.58,1.29
8.55,0.58,2,-2.97,-0.99,1.00,1.00,1.58,1.29
8.77,0.59,1,-0.85,-1.00,1.00,1.00,1.59,1.30
8.97,0.59,2,-2.37,-1.27,1.00,1.00,1.59,1.30
9.19,0.60,1,0.13,-1.24,1.00,1.00,1.60,1.30
9.40,0.60,2,-2.87,0.64,1.00,1.00,1.60,1.30
9.60,0.61,2,-1.78,-0.99,1.00,1.00,1.61,1.31
9.80,0.61,1,-2.99,-0.77,1.00,1.00,1.61,1.31
10.00,0.61,1,-2.25,-1.62,1.00,1.00,1.61,1.31
10.22,0.62,2,-4.00,0.36,1.00,1.00,1.62,1.31
10.42,0.62,2,-2.84,1.04,1.00,1.00,1.62,1.31
10.64,0.62,2,-1.21,-2.75,1.00,1.00,1.62,1.31
10.84,0.62,2,-1.51,-1.38,1.00,1.00,1.62,1.31
11.04,0.62,0,-0.82,0.50,1.00,1.00,1.62,1.31
11.25,0.63,1,-3.56,-1.41,1.00,1.00,1.63,1.32
11.45,0.63,0,0.25,-0.04,1.00,1.00,1.63,1.32
11.67,0.64,2,-1.38,-0.58,1.00,1.00,1.64,1.32
11.87,0.64,1,-1.68,-0.96,1.00,1.00,1.64,1.32
12.07,0.64,0,2.30,1.12,1.00,1.00,1.64,1.32
12.29,0.65,2,-2.92,-3.00,1.00,1.00,1.65,1.32
12.49,0.65,2,-1.03,-2.11,1.00,1.00,1.65,1.32
12.70,0.66,1,-0.17,0.74,1.00,1.00,1.66,1.33
12.92,0.66,2,-1.67,0.26,1.00,1.00,1.66,1.33
13.14,0.66,0,-0.42,-1.89,1.00,1.00,1.66,1.33
13.35,0.66,1,-1.40,0.97,1.00,1.00,1.66,1.33
13.55,0.66,2,-2.59,-0.97,1.00,1.00,1.66,1.33
13.77,0.67,2,-1.51,-1.47,1.00,1.00,1.67,1.34
13.97,0.67,2,-2.21,-1.12,1.00,1.00,1.67,1.34
14.19,0.68,1,2.15,0.27,1.00,1.00,1.68,1.34
14.40,0.68,0,-0.47,-1.11,1.00,1.00,1.68,1.34
14.60,0.68,2,-1.41,-0.35,1.00,1.00,1.68,1.34
14.82,0.69,1,-1.78,-0.47,1.00,1.00,1.69,1.34
15.04,0.69,2,-1.60,1.14,1.00,1.00,1.69,1.34
15.25,0.69,2,-1.93,-1.10,1.00,1.00,1.69,1.35
15.45,0.69,2,-0.10,-1.43,1.00,1.00,1.69,1.35
15.67,0.69,0,-1.80,-1.05,1.00,1.00,1.69,1.35
15.87,0.70,2,0.38,-1.08,1.00,1.00,1.70,1.35
16.09,0.70,2,-2.01,0.94,1.00,1.00,1.70,1.35
16.30,0.71,1,1.56,-0.69,1.00,1.00,1.71,1.35
16.50,0.71,2,-1.15,-0.91,1.00,1.00,1.71,1.35
16.70,0.71,1,-1.61,-2.80,1.00,1.00,1.71,1.35
16.90,0.71,0,1.13,1.82,1.00,1.00,1.71,1.36
17.12,0.71,1,1.16,-0.76,1.00,1.00,1.71,1.36
17.34,0.72,0,-1.17,0.51,1.00,1.00,1.72,1.36
17.54,0.72,2,-1.95,-1.54,1.00,1.00,1.72,1.36
17.75,0.72,1,2.18,-0.82,1.00,1.00,1.72,1.36
17.95,0.72,1,2.54,-1.72,1.00,1.00,1.72,1.36
18.15,0.72,2,-0.63,0.07,1.00,1.00,1.72,1.36
18.35,0.73,2,-1.55,-0.55,1.00,1.00,1.73,1.36
18.57,0.73,2,0.64,0.73,1.00,1.00,1.73,1.36
18.77,0.74,2,1.50,-0.53,1.00,1.00,1.74,1.37
18.99,0.74,2,-0.91,-0.39,1.00,1.00,1.74,1.37
19.20,0.74,0,-3.85,-1.38,1.00,1.00,1.74,1.37
19.40,0.74,2,-1.68,-1.79,1.00,1.00,1.74,1.37
19.60,0.74,0,-1.24,-2.36,1.00,1.00,1.74,1.37
19.80,0.75,1,-1.60,0.18,1.00,1.00,1.75,1.37
20.00,0.75,2,1.77,1.81,1.00,1.00,1.75,1.37
20.22,0.75,2,1.20,0.71,1.00,1.00,1.75,1.37
20.44,0.75,2,-0.07,0.13,1.00,1.00,1.75,1.38
20.65,0.75,2,0.11,-0.77,1.00,1.00,1.75,1.38
20.87,0.76,1,-0.66,-1.88,0.95,1.00,1.76,1.38
21.09,0.76,2,-1.96,-2.93,0.95,1.00,1.76,1.38
21.29,0.76,0,-2.63,1.01,0.95,1.00,1.76,1.38
21.50,0.76,1,1.54,1.41,0.95,1.00,1.76,1.38
21.70,0.76,1,-4.00,-0.89,0.90,1.00,1.76,1.38
21.90,0.75,2,-1.02,-1.65,0.90,1.00,1.75,1.38
22.12,0.75,2,1.02,3.00,0.90,1.00,1.75,1.38
22.34,0.75,0,0.21,-1.15,0.90,1.00,1.75,1.37
22.54,0.75,1,-3.11,2.37,0.90,1.00,1.75,1.37
22.74,0.75,2,-3.65,0.27,0.90,1.00,1.75,1.37
22.94,0.74,1,-0.67,-0.93,0.90,1.00,1.74,1.37
23.15,0.74,1,-2.65,0.00,0.90,1.00,1.74,1.37
23.37,0.74,2,-2.82,1.01,0.90,1.00,1.74,1.37
23.59,0.74,1,-0.79,0.64,0.90,1.00,1.74,1.37
23.79,0.74,0,0.04,-1.50,0.90,1.00,1.74,1.37
24.00,0.74,2,-2.69,0.61,0.90,1.00,1.74,1.37
24.20,0.74,2,0.90,0.08,0.90,1.00,1.74,1.37
24.42,0.74,2,-2.93,1.16,0.90,1.00,1.74,1.37
24.62,0.74,0,-1.82,-0.69,0.90,1.00,1.74,1.37
24.82,0.74,1,-1.92,-0.36,0.90,1.00,1.74,1.37
25.04,0.75,1,-2.67,0.99,0.90,1.00,1.75,1.37
25.24,0.75,2,-2.12,0.49,0.90,1.00,1.75,1.37
25.44,0.75,2,-0.98,0.30,0.90,1.00,1.75,1.37
25.65,0.75,0,0.55,2.39,0.90,1.00,1.75,1.37
25.87,0.75,0,-1.51,0.24,0.90,1.00,1.75,1.38
26.07,0.75,2,-0.82,-0.29,0.90,1.00,1.75,1.38
26.29,0.75,2,-3.48,2.51,0.90,1.00,1.75,1.38
26.50,0.76,0,-2.24,-3.17,0.90,1.00,1.76,1.38
26.72,0.76,0,-1.92,1.46,0.90,1.00,1.76,1.38
26.92,0.77,2,-1.62,0.74,0.90,1.00,1.77,1.38
27.14,0.77,2,-1.48,-0.58,0.90,1.00,1.77,1.38
27.34,0.77,1,-1.46,0.07,0.85,1.00,1.77,1.38
27.54,0.76,2,-2.22,-1.15,0.85,1.00,1.76,1.38
27.74,0.76,2,-4.00,-0.93,0.85,1.00,1.76,1.38
27.95,0.76,1,-2.11,0.62,0.85,1.00,1.76,1.38
28.15,0.76,1,-2.19,-2.37,0.85,1.00,1.76,1.38
28.35,0.76,2,-1.39,-1.07,0.85,1.00,1.76,1.38
28.57,0.76,1,-0.80,-3.25,0.85,1.00,1.76,1.38
28.77,0.76,1,-2.93,2.05,0.85,1.00,1.76,1.38
28.97,0.76,2,-1.30,-0.39,0.85,1.00,1.76,1.38
29.19,0.76,1,-3.76,1.14,0.85,1.00,1.76,1.38
29.40,0.76,2,-1.88,1.83,0.85,1.00,1.76,1.38
29.62,0.76,2,-3.29,-0.91,0.85,1.00,1.76,1.38
29.82,0.76,1,-2.15,-1.77,0.85,1.00,1.76,1.38
30.04,0.76,0,-2.40,-3.28,0.85,1.00,1.76,1.38
30.25,0.76,1,-3.73,-2.51,0.85,1.00,1.76,1.38
30.47,0.77,0,-1.69,-1.86,0.85,1.00,1.77,1.38
30.67,0.77,0,-1.99,-3.84,0.85,1.00,1.77,1.38
30.89,0.77,0,-2.23,0.25,0.85,1.00,1.77,1.38
31.10,0.77,0,-1.57,0.85,0.85,1.00,1.77,1.39
31.32,0.77,1,0.39,4.00,0.85,1.00,1.77,1.39
31.52,0.77,0,-0.61,0.08,0.85,1.00,1.77,1.39
31.74,0.77,1,0.74,3.29,0.85,1.00,1.77,1.39
31.94,0.77,1,-1.56,-3.22,0.85,1.00,1.77,1.39
32.15,0.78,0,0.73,-0.56,0.85,1.00,1.78,1.39
32.37,0.78,0,1.75,1.28,0.85,1.00,1.78,1.39
32.59,0.79,0,0.45,2.53,0.85,1.00,1.79,1.39
32.80,0.79,2,2.21,2.01,0.85,1.00,1.79,1.39
33.02,0.79,2,0.42,2.27,0.85,1.00,1.79,1.40
33.22,0.79,1,0.61,-1.47,0.85,1.00,1.79,1.40
33.44,0.79,1,1.29,0.77,0.85,1.00,1.79,1.40
33.64,0.80,2,-1.36,3.44,0.85,1.00,1.80,1.40
33.84,0.80,0,-2.00,-0.74,0.85,1.00,1.80,1.40
34.04,0.80,2,-0.01,0.64,0.85,1.00,1.80,1.40
34.25,0.80,0,-0.33,1.31,0.85,1.00,1.80,1.40
34.45,0.80,0,-1.32,-2.44,0.85,1.00,1.80,1.40
34.67,0.81,2,-1.36,-1.65,0.85,1.00,1.81,1.40
34.90,0.81,1,-2.21,0.17,0.85,1.00,1.81,1.40
35.10,0.80,2,0.77,1.10,0.80,1.00,1.80,1.40
35.30,0.80,1,-2.76,1.53,0.80,1.00,1.80,1.40
35.52,0.80,2,-1.49,-0.66,0.80,1.00,1.80,1.40
35.72,0.80,0,0.09,0.53,0.80,1.00,1.80,1.40
35.94,0.80,0,0.18,-0.29,0.80,1.00,1.80,1.40
36.14,0.80,1,-3.52,1.92,0.80,1.00,1.80,1.40
36.35,0.80,2,-2.42,-2.76,0.80,1.00,1.80,1.40
36.57,0.80,2,-1.16,1.22,0.80,1.00,1.80,1.40
36.79,0.80,0,-0.41,1.03,0.80,1.00,1.80,1.40
36.99,0.80,1,0.13,-0.71,0.80,1.00,1.80,1.40
37.20,0.80,1,-1.38,3.43,0.80,1.00,1.80,1.40
37.42,0.80,0,1.09,-1.69,0.80,1.00,1.80,1.40
37.64,0.80,2,-1.31,3.44,0.80,1.00,1.80,1.40
37.84,0.80,1,0.92,1.59,0.80,1.00,1.80,1.40
38.05,0.80,1,0.49,1.85,0.75,1.00,1.80,1.40
38.25,0.80,2,0.20,-0.98,0.75,1.00,1.80,1.40
38.47,0.80,1,-1.70,2.97,0.75,1.00,1.80,1.40
38.67,0.79,2,-0.96,0.98,0.75,1.00,1.79,1.40
38.87,0.79,0,-1.82,0.49,0.75,1.00,1.79,1.40
39.09,0.79,1,-1.21,-0.30,0.75,1.00,1.79,1.40
39.29,0.79,1,-3.36,0.05,0.75,1.00,1.79,1.40
39.50,0.79,2,-3.62,-1.97,0.75,1.00,1.79,1.40
39.70,0.79,1,-0.23,-1.20,0.75,1.00,1.79,1.40
39.92,0.79,2,0.83,1.21,0.75,1.00,1.79,1.40
40.12,0.79,1,-0.91,2.09,0.75,1.00,1.79,1.40
40.34,0.79,2,1.06,0.20,0.75,1.00,1.79,1.40
40.54,0.79,1,-0.73,2.74,0.75,1.00,1.79,1.40
40.75,0.79,0,0.83,-1.52,0.75,1.00,1.79,1.40
40.97,0.79,2,1.01,1.35,0.75,1.00,1.79,1.40
41.17,0.79,2,-1.07,-0.19,0.65,1.00,1.79,1.40
41.39,0.79,1,2.98,1.16,0.65,1.00,1.79,1.40
41.60,0.79,0,-0.60,0.20,0.65,1.00,1.79,1.40
41.82,0.79,0,-1.84,4.00,0.65,1.00,1.79,1.39
42.04,0.79,1,-0.85,1.51,0.65,1.00,1.79,1.39
42.24,0.79,1,-0.77,1.64,0.65,1.00,1.79,1.39
42.45,0.79,1,-0.75,-1.28,0.65,1.00,1.79,1.39
42.65,0.79,2,-0.95,-1.39,0.65,1.00,1.79,1.39
42.87,0.79,1,-0.34,0.07,0.65,1.00,1.79,1.39
43.09,0.79,1,-2.35,-1.98,0.65,1.00,1.79,1.39
43.29,0.79,1,-3.04,2.60,0.65,1.00,1.79,1.39
43.50,0.79,1,-1.09,-1.90,0.65,1.00,1.79,1.39
43.70,0.79,1,-0.43,-1.31,0.65,1.00,1.79,1.39
43.92,0.79,0,-1.57,0.08,0.65,1.00,1.79,1.39
44.14,0.79,2,-0.42,-0.68,0.65,1.00,1.79,1.39
44.35,0.79,2,1.02,-0.90,0.65,1.00,1.79,1.39
44.55,0.79,2,-0.62,-2.06,0.65,1.00,1.79,1.39
44.77,0.79,1,-1.55,-0.98,0.65,1.00,1.79,1.40
44.97,0.79,2,0.42,-2.02,0.65,1.00,1.79,1.40
45.19,0.79,0,0.13,1.36,0.65,1.00,1.79,1.40
45.40,0.80,1,0.09,-1.92,0.65,1.00,1.80,1.40
45.62,0.80,1,1.21,-1.31,0.65,1.00,1.80,1.40
45.84,0.80,2,0.26,0.23,0.65,1.00,1.80,1.40
46.04,0.80,0,-3.01,-0.68,0.60,1.00,1.80,1.40
46.24,0.80,1,-2.33,0.91,0.60,1.00,1.80,1.40
46.45,0.80,0,-1.90,1.38,0.60,1.00,1.80,1.40
46.65,0.80,1,0.12,0.07,0.60,1.00,1.80,1.40
46.87,0.80,1,-2.50,1.90,0.60,1.00,1.80,1.40
47.09,0.80,2,-2.78,0.75,0.60,1.00,1.80,1.40
47.29,0.79,1,-1.70,1.32,0.60,1.00,1.79,1.40
47.49,0.79,1,-0.15,-0.99,0.60,1.00,1.79,1.40
47.70,0.79,0,-0.59,-1.40,0.60,1.00,1.79,1.40
47.92,0.79,0,-3.70,-0.06,0.60,1.00,1.79,1.40
48.12,0.79,1,-1.48,2.66,0.60,1.00,1.79,1.40
48.32,0.80,0,-0.56,-0.71,0.60,1.00,1.80,1.40
48.54,0.80,2,-3.55,4.00,0.60,1.00,1.80,1.40
48.75,0.80,1,-1.24,-0.51,0.60,1.00,1.80,1.40
48.97,0.80,2,-1.79,-2.07,0.60,1.00,1.80,1.40
49.19,0.80,2,-0.06,1.46,0.60,1.00,1.80,1.40
49.39,0.80,2,-2.06,2.75,0.60,1.00,1.80,1.40
49.60,0.80,2,-1.87,-2.69,0.60,1.00,1.80,1.40
49.82,0.80,2,0.35,-3.10,0.60,1.00,1.80,1.40
50.02,0.80,2,-1.84,0.87,0.60,1.00,1.80,1.40
50.24,0.80,1,-2.79,-0.70,0.60,1.00,1.80,1.40
50.44,0.81,2,0.35,-0.38,0.60,1.00,1.81,1.40
50.65,0.81,1,0.86,-0.57,0.60,1.00,1.81,1.40
50.85,0.81,2,-2.04,-1.77,0.60,1.00,1.81,1.41
51.07,0.81,1,-0.06,3.89,0.55,1.00,1.81,1.41
51.29,0.81,1,-2.80,-2.61,0.55,1.00,1.81,1.41
51.49,0.81,0,-2.24,-1.99,0.55,1.00,1.81,1.40
51.69,0.81,1,-0.87,2.33,0.55,1.00,1.81,1.40
51.89,0.81,1,-1.04,0.69,0.55,1.00,1.81,1.40
52.10,0.81,0,0.17,-0.98,0.55,1.00,1.81,1.40
52.30,0.81,0,-1.89,0.37,0.55,1.00,1.81,1.40
52.52,0.80,1,0.85,-0.38,0.55,1.00,1.80,1.40
52.74,0.80,0,-1.73,-0.61,0.55,1.00,1.80,1.40
52.94,0.80,0,-1.25,0.30,0.55,1.00,1.80,1.40
53.15,0.80,1,0.89,-1.13,0.55,1.00,1.80,1.40
53.35,0.80,1,1.51,-0.44,0.55,1.00,1.80,1.40
53.57,0.81,2,-3.60,0.94,0.55,1.00,1.81,1.40
53.79,0.81,1,1.12,-0.89,0.55,1.00,1.81,1.40
53.99,0.81,1,0.32,-0.28,0.55,1.00,1.81,1.40
54.20,0.81,1,-4.00,-0.67,0.45,1.00,1.81,1.40
54.40,0.80,2,-1.57,-2.23,0.45,1.00,1.80,1.40
54.62,0.80,1,-3.08,1.32,0.40,1.00,1.80,1.40
54.82,0.80,1,-1.27,1.00,0.40,1.00,1.80,1.40
55.04,0.80,1,0.74,0.43,0.40,1.00,1.80,1.40
55.24,0.80,2,-1.24,-2.24,0.40,1.00,1.80,1.40
55.45,0.80,1,-2.16,-3.82,0.40,1.00,1.80,1.40
55.65,0.80,2,-3.11,1.27,0.35,1.00,1.80,1.40
55.87,0.80,1,-3.40,-2.32,0.35,1.00,1.80,1.40
56.09,0.80,2,-0.51,2.39,0.35,1.00,1.80,1.40
56.30,0.80,2,-3.90,1.63,0.30,1.00,1.80,1.40
56.52,0.79,0,-2.72,1.68,0.30,1.00,1.79,1.40
56.74,0.79,1,-0.71,1.88,0.25,1.00,1.79,1.40
56.95,0.79,0,-3.90,0.38,0.20,1.00,1.79,1.40
57.15,0.79,1,0.95,-0.71,0.20,1.00,1.79,1.39
57.35,0.79,0,1.61,1.12,0.20,1.00,1.79,1.39
57.55,0.79,1,-0.25,0.04,0.20,1.00,1.79,1.39
57.77,0.79,1,2.45,1.09,0.20,1.00,1.79,1.39
57.99,0.79,1,-0.01,4.00,0.20,1.00,1.79,1.39
58.20,0.79,0,2.42,-0.34,0.20,1.00,1.79,1.39
58.42,0.79,0,1.69,-2.13,0.20,1.00,1.79,1.39
58.62,0.79,2,1.75,0.26,0.20,1.00,1.79,1.39
58.84,0.79,1,-0.79,2.06,0.20,1.00,1.79,1.39
59.04,0.79,1,-3.73,0.26,0.20,1.00,1.79,1.39
59.24,0.79,1,-0.03,-0.05,0.20,1.00,1.79,1.39
59.45,0.79,1,-2.79,-1.47,0.20,1.00,1.79,1.39
59.67,0.79,0,-0.32,2.48,0.20,1.00,1.79,1.39
59.89,0.79,0,-2.36,-0.53,0.20,1.00,1.79,1.39
60.09,0.79,1,-0.69,2.53,0.20,1.00,1.79,1.40
60.30,0.79,1,-0.48,-1.01,0.20,1.00,1.79,1.40
60.50,0.79,0,-3.26,-3.23,0.20,1.00,1.79,1.40
60.72,0.79,0,-2.84,-2.88,0.20,1.00,1.79,1.40
60.94,0.79,1,0.67,-1.71,0.20,1.00,1.79,1.40
61.14,0.80,1,-0.40,1.21,0.20,1.00,1.80,1.40
61.35,0.80,0,-1.40,3.39,0.20,1.00,1.80,1.40
61.57,0.80,0,-1.24,-0.84,0.20,1.00,1.80,1.40
61.79,0.80,2,-1.65,0.61,0.20,1.00,1.80,1.40
61.99,0.80,1,-0.15,-1.06,0.20,1.00,1.80,1.40
62.19,0.81,2,-0.77,-1.75,0.20,1.00,1.81,1.40
62.40,0.81,2,2.21,-0.02,0.20,1.00,1.81,1.40
62.62,0.81,1,-1.42,0.62,0.20,1.00,1.81,1.41
62.82,0.81,2,3.63,1.73,0.20,1.00,1.81,1.41
63.04,0.81,1,-1.40,-1.43,0.20,1.00,1.81,1.41
63.25,0.82,2,0.05,1.61,0.20,1.00,1.82,1.41
63.45,0.82,2,-0.07,1.32,0.20,1.00,1.82,1.41
63.67,0.82,1,-0.27,0.67,0.20,1.00,1.82,1.41
63.89,0.82,2,0.85,-0.37,0.20,1.00,1.82,1.41
64.10,0.83,0,0.14,0.62,0.20,1.00,1.83,1.41
64.31,0.83,2,-1.20,-0.32,0.20,1.00,1.83,1.41
64.51,0.83,2,0.22,0.77,0.20,1.00,1.83,1.41
64.72,0.83,1,0.26,-0.51,0.20,1.00,1.83,1.42
64.94,0.83,2,-2.94,-0.99,0.20,1.00,1.83,1.42
65.14,0.84,2,-0.71,1.51,0.20,1.00,1.84,1.42
65.36,0.84,2,0.28,-0.40,0.15,1.00,1.84,1.42
65.57,0.84,1,-2.34,-0.87,0.15,1.00,1.84,1.42
65.79,0.83,1,-1.75,-1.38,0.15,1.00,1.83,1.42
66.01,0.83,2,-3.07,0.54,0.15,1.00,1.83,1.42
66.22,0.83,1,1.54,0.73,0.15,1.00,1.83,1.42
66.42,0.83,1,-1.84,1.84,0.15,1.00,1.83,1.42
66.62,0.83,1,-1.83,-2.06,0.15,1.00,1.83,1.42
66.84,0.83,2,2.82,0.66,0.15,1.00,1.83,1.42
67.06,0.83,1,-0.36,0.81,0.15,1.00,1.83,1.42
67.27,0.83,0,-2.49,-1.11,0.15,1.00,1.83,1.42
67.49,0.83,1,0.01,0.50,0.15,1.00,1.83,1.42
67.69,0.83,1,-0.77,0.41,0.15,1.00,1.83,1.42
67.91,0.83,1,1.46,2.04,0.15,1.00,1.83,1.42
68.12,0.83,2,-0.69,1.64,0.15,1.00,1.83,1.42
68.34,0.83,0,0.16,-0.78,0.15,1.00,1.83,1.42
68.54,0.83,1,-1.46,0.19,0.15,1.00,1.83,1.42
68.74,0.83,2,0.20,3.18,0.15,1.00,1.83,1.42
68.96,0.83,2,1.45,-1.59,0.15,1.00,1.83,1.42
69.17,0.83,0,0.38,1.76,0.15,1.00,1.83,1.42
69.37,0.84,1,2.01,0.45,0.15,1.00,1.84,1.42
69.59,0.84,2,-0.64,-1.61,0.15,1.00,1.84,1.42
69.79,0.84,2,-1.00,-0.78,0.15,1.00,1.84,1.42
70.01,0.84,0,-0.45,-1.98,0.15,1.00,1.84,1.42
70.22,0.85,1,0.03,0.80,0.15,1.00,1.85,1.42
70.44,0.85,1,-2.21,-0.09,0.15,1.00,1.85,1.42
70.64,0.85,2,-0.12,0.65,0.15,1.00,1.85,1.42
70.86,0.84,2,0.61,-0.70,0.15,1.00,1.84,1.42
71.07,0.84,1,-0.97,0.50,0.15,1.00,1.84,1.42
71.29,0.85,2,2.77,2.04,0.15,1.00,1.85,1.42
71.50,0.85,0,-0.04,1.99,0.15,1.00,1.85,1.42
71.71,0.85,1,1.32,-1.48,0.10,1.00,1.85,1.42
71.92,0.84,1,-3.91,0.09,0.10,1.00,1.84,1.42
72.14,0.84,1,-2.28,-0.33,0.05,1.00,1.84,1.42
72.36,0.84,2,-1.02,1.89,0.00,1.00,1.84,1.42
72.57,0.84,1,-1.07,-2.00,0.00,1.00,1.84,1.42
72.77,0.84,1,-3.46,0.82,0.00,1.00,1.84,1.42
72.99,0.84,1,1.08,-0.47,0.00,1.00,1.84,1.42
73.21,0.84,0,-0.62,0.75,0.00,1.00,1.84,1.42
73.42,0.83,1,-1.22,-1.88,0.00,1.00,1.83,1.42
73.62,0.83,1,-0.78,-0.46,0.00,1.00,1.83,1.42
73.84,0.83,2,0.31,-0.10,0.00,1.00,1.83,1.42
74.06,0.83,0,1.67,0.04,0.00,1.00,1.83,1.42
74.27,0.83,2,-2.82,1.14,0.00,1.00,1.83,1.42
74.47,0.83,0,-1.00,0.38,0.00,1.00,1.83,1.42
74.67,0.83,0,-0.52,-0.50,0.00,1.00,1.83,1.42
74.89,0.83,1,-1.19,-0.62,0.00,1.00,1.83,1.42
75.09,0.83,1,-1.94,-0.11,0.00,1.00,1.83,1.42
75.31,0.83,0,-1.60,0.96,0.00,1.00,1.83,1.41
75.51,0.83,2,2.22,0.03,0.00,1.00,1.83,1.41
75.71,0.83,1,0.17,-0.42,0.00,1.00,1.83,1.41
75.92,0.83,1,-2.50,-1.15,0.00,1.00,1.83,1.41
76.14,0.83,0,-0.47,-0.25,0.00,1.00,1.83,1.41
76.34,0.82,1,-4.00,-1.10,0.00,1.00,1.82,1.41
76.54,0.82,2,-1.72,-2.94,0.00,1.00,1.82,1.41
76.74,0.82,1,1.39,-1.81,0.00,1.00,1.82,1.41
76.96,0.82,2,1.76,-0.77,0.00,1.00,1.82,1.41
77.17,0.82,1,-2.63,2.09,0.00,1.00,1.82,1.41
77.39,0.82,1,-1.86,0.99,0.00,1.00,1.82,1.41
77.61,0.82,0,-2.50,-0.46,0.00,1.00,1.82,1.41
77.82,0.82,2,0.06,0.36,0.00,1.00,1.82,1.41
78.04,0.82,1,-0.20,-0.36,0.00,1.00,1.82,1.41
78.24,0.82,0,-1.30,-0.63,0.00,1.00,1.82,1.41
78.46,0.82,2,-1.43,0.60,0.00,1.00,1.82,1.41
78.68,0.82,0,1.69,1.90,0.00,1.00,1.82,1.41
78.89,0.82,0,1.39,2.60,0.00,1.00,1.82,1.41
79.09,0.82,0,-4.00,-0.35,0.00,1.00,1.82,1.41
79.31,0.82,1,0.08,0.59,0.00,1.00,1.82,1.41
79.52,0.82,1,0.62,0.85,0.00,1.00,1.82,1.41
79.72,0.82,1,2.24,1.87,0.00,1.00,1.82,1.41
79.92,0.83,2,-0.06,-0.34,0.00,1.00,1.83,1.41
80.14,0.83,2,-0.72,0.10,0.00,1.00,1.83,1.41
80.36,0.83,1,0.71,-0.64,0.00,1.00,1.83,1.41
80.57,0.83,2,-0.72,2.12,0.00,1.00,1.83,1.42
80.77,0.83,2,0.40,-0.06,0.00,1.00,1.83,1.42
80.99,0.84,0,0.29,0.03,0.00,1.00,1.84,1.42
81.21,0.84,2,-1.00,1.21,0.00,1.00,1.84,1.42
81.42,0.84,0,2.08,0.02,0.00,1.00,1.84,1.42
81.62,0.84,1,-2.74,-0.79,0.00,1.00,1.84,1.42
81.84,0.84,1,-0.19,0.49,0.00,1.00,1.84,1.42
82.06,0.85,2,-1.15,0.47,0.00,1.00,1.85,1.42
82.26,0.85,2,-1.53,-0.54,0.00,1.00,1.85,1.42
82.46,0.85,0,-0.13,0.26,0.00,1.00,1.85,1.43
82.67,0.85,1,-0.29,2.07,0.00,1.00,1.85,1.43
82.89,0.85,0,-3.82,1.25,0.00,1.00,1.85,1.43
83.09,0.86,0,-1.32,-0.92,0.00,1.00,1.86,1.43
83.31,0.86,0,-0.13,-2.05,0.00,1.00,1.86,1.43
83.51,0.86,2,0.08,-1.25,0.00,1.00,1.86,1.43
83.72,0.86,2,2.26,0.03,0.00,1.00,1.86,1.43
83.94,0.86,0,-1.59,-0.89,0.00,1.00,1.86,1.43
84.16,0.86,2,-0.75,0.91,0.00,1.00,1.86,1.43
84.37,0.86,2,1.57,-1.52,0.00,1.00,1.86,1.43
84.57,0.87,1,1.55,0.30,0.00,1.00,1.87,1.43
84.79,0.87,1,-3.60,-2.10,0.00,1.00,1.87,1.43
84.99,0.87,0,-1.70,-1.26,0.00,1.00,1.87,1.44
85.21,0.87,1,0.10,-2.98,0.00,1.00,1.87,1.44
85.41,0.87,2,-4.00,0.21,0.00,1.00,1.87,1.44
85.62,0.88,0,0.75,-0.10,0.00,1.00,1.88,1.44
85.83,0.88,1,-0.69,0.49,0.00,1.00,1.88,1.44
86.04,0.88,2,2.58,-1.40,0.00,1.00,1.88,1.44
86.26,0.88,0,0.53,-0.13,0.00,1.00,1.88,1.44
86.46,0.88,1,-1.80,-1.35,0.00,1.00,1.88,1.44
86.67,0.88,1,-0.49,-2.02,0.00,1.00,1.88,1.44
86.89,0.88,2,1.24,-2.21,0.00,1.00,1.88,1.44
87.09,0.88,2,-0.52,2.52,0.00,1.00,1.88,1.44
87.31,0.88,1,0.07,-0.71,0.00,1.00,1.88,1.44
87.51,0.88,0,-1.08,-1.77,0.00,1.00,1.88,1.44
87.71,0.88,0,-1.93,-2.05,0.00,1.00,1.88,1.44
87.92,0.88,1,-2.01,-2.46,0.00,1.00,1.88,1.44
88.12,0.87,0,-0.30,-0.07,0.00,1.00,1.87,1.44
88.34,0.87,0,-2.71,-3.41,0.00,1.00,1.87,1.44
88.56,0.87,1,-1.86,-0.20,0.00,1.00,1.87,1.44
88.77,0.87,2,0.80,-0.27,0.00,1.00,1.87,1.44
88.99,0.87,1,-2.56,-2.24,0.00,1.00,1.87,1.44
89.21,0.87,2,3.42,0.51,0.00,1.00,1.87,1.43
89.41,0.87,0,-1.59,0.54,0.00,1.00,1.87,1.43
89.63,0.87,1,-1.87,0.07,0.00,1.00,1.87,1.44
89.84,0.87,2,-0.72,-0.48,0.00,1.00,1.87,1.44
90.04,0.87,1,-1.93,-0.42,0.00,1.00,1.87,1.44
90.26,0.87,1,-1.32,-0.14,0.00,1.00,1.87,1.44
90.46,0.87,1,0.70,-1.31,0.00,1.00,1.87,1.44
90.68,0.87,1,-1.24,-0.74,0.00,1.00,1.87,1.44
90.89,0.87,2,-2.32,1.44,0.00,1.00,1.87,1.44
91.09,0.87,1,-0.99,0.58,0.00,1.00,1.87,1.44
91.31,0.88,1,2.65,-2.33,0.00,1.00,1.88,1.44
91.51,0.88,1,2.16,-2.01,0.00,1.00,1.88,1.44
91.71,0.88,1,-1.68,-2.30,0.00,1.00,1.88,1.44
91.92,0.88,1,0.14,-1.49,0.00,1.00,1.88,1.44
92.14,0.88,0,-1.53,0.94,0.00,1.00,1.88,1.44
92.36,0.88,2,0.20,-0.30,0.00,1.00,1.88,1.44
92.56,0.88,2,-1.14,2.27,0.00,1.00,1.88,1.44
92.76,0.89,2,3.25,-0.21,0.00,1.00,1.89,1.44
92.97,0.89,1,0.54,-1.58,0.00,1.00,1.89,1.44
93.19,0.89,1,-1.26,3.22,0.00,1.00,1.89,1.45
93.39,0.89,1,-0.38,-0.14,0.00,1.00,1.89,1.45
93.61,0.89,0,0.02,0.19,0.00,1.00,1.89,1.45
93.82,0.89,1,-0.50,-1.46,0.00,1.00,1.89,1.45
94.04,0.89,0,-1.21,3.60,0.00,1.00,1.89,1.45
94.26,0.90,1,1.29,0.79,0.00,1.00,1.90,1.45
94.46,0.90,1,-0.88,-0.80,0.00,1.00,1.90,1.45
94.66,0.90,2,0.13,1.34,0.00,1.00,1.90,1.45
94.87,0.90,0,2.32,2.66,0.00,1.00,1.90,1.45
95.09,0.90,2,-1.38,-0.48,0.00,1.00,1.90,1.45
95.29,0.90,2,-1.54,-1.36,0.00,1.00,1.90,1.45
95.49,0.90,2,-2.99,-1.29,0.00,1.00,1.90,1.45
95.71,0.91,2,0.54,-0.93,0.00,1.00,1.91,1.45
95.92,0.91,2,-0.45,-1.28,0.00,1.00,1.91,1.45
96.14,0.91,0,2.66,1.47,0.00,1.00,1.91,1.45
96.34,0.91,0,3.07,1.73,0.00,1.00,1.91,1.46
96.56,0.91,1,2.55,0.03,0.00,1.00,1.91,1.46
96.76,0.91,0,3.09,0.76,0.00,1.00,1.91,1.46
96.96,0.91,1,2.51,-0.27,0.00,1.00,1.91,1.46
97.17,0.91,1,2.24,-0.21,0.00,1.00,1.91,1.46
97.37,0.92,2,3.02,0.87,0.00,1.00,1.92,1.46
97.57,0.92,0,4.00,-2.62,0.00,1.00,1.92,1.46
97.77,0.92,1,1.46,-2.00,0.00,1.00,1.92,1.46
97.99,0.92,2,-1.48,0.72,0.00,1.00,1.92,1.46
98.21,0.92,1,-3.13,0.33,0.00,1.00,1.92,1.46
98.42,0.92,1,-0.68,1.60,0.00,1.00,1.92,1.46
98.64,0.92,1,-0.53,-0.95,0.00,1.00,1.92,1.46
98.86,0.93,0,1.00,-2.27,0.00,1.00,1.93,1.46
99.07,0.91,2,1.24,0.49,1.00,1.00,1.91,1.46
99.29,0.91,1,-2.51,-2.49,1.00,1.00,1.91,1.45
99.49,0.91,1,-3.25,3.18,1.00,1.00,1.91,1.45
99.69,0.91,1,-2.96,1.27,1.00,1.00,1.91,1.45
99.89,0.90,2,-2.51,4.00,1.00,1.00,1.90,1.45
100.09,0.90,1,-2.55,1.00,1.00,1.00,1.90,1.45
100.31,0.89,1,-0.34,3.89,1.00,1.00,1.89,1.45
